aff_url,aff_title
https://dlsports.eu/collections/squashschlager/products/venom-tour-975,Prince Venom Tour 975
https://dlsports.eu/collections/squashschlager/products/tecnifibre-carboflex-135-airshaft-squash-racket-2021,Tecnifibre Carboflex 135 Airshaft (2021)
https://dlsports.eu/collections/squashschlager/products/tecnifibre-carboflex-130-airshaft-squash-racket-2021,Tecnifibre Carboflex 130 Airshaft (2021)
https://dlsports.eu/collections/squashschlager/products/tecnifibre-305-green-squash-string-200m-reel,Tecnifibre 305 // 200m Reel
https://dlsports.eu/collections/squashschlager/products/tecnifibre-team-icon-12r-racketbag-2021,Tecnifibre Team Icon 12R Racketbag (2021)
https://dlsports.eu/collections/squashschlager/products/dunlop-pro-squash-balls-12er-box,Dunlop Squash Balls 12er Box
https://dlsports.eu/collections/squashschlager/products/eagle-padel-women,Salming Eagle
https://dlsports.eu/collections/squashschlager/products/venom-tour-975,Prince Venom Tour 975
https://dlsports.eu/collections/squashschlager/products/tecnifibre-carboflex-135-airshaft-squash-racket-2021,Tecnifibre Carboflex 135 Airshaft (2021)
https://dlsports.eu/collections/squashschlager/products/tecnifibre-carboflex-130-airshaft-squash-racket-2021,Tecnifibre Carboflex 130 Airshaft (2021)
https://dlsports.eu/collections/squashschlager/products/tecnifibre-carboflex-ns-125-airshaft-squash-racket-racquet-2021,Tecnifibre Carboflex NS 125 Airshaft (2021)
https://dlsports.eu/collections/squashschlager/products/tecnifibre-carboflex-125-airshaft-squash-racket-2021,Tecnifibre Carboflex 125 Airshaft (2021)
https://dlsports.eu/collections/squashschlager/products/carboflex-cannonball-125,Tecnifibre Carboflex Cannonball 125
https://dlsports.eu/collections/squashschlager/products/head-graphene-360-radical-135-slimbody-squash-racket,Head Graphene 360+ Radical 135 SB (2020)
https://dlsports.eu/collections/squashschlager/products/head-graphene-360-radical-135-x-squash-racket,Head Graphene 360+ Radical 135 X (2020)
https://dlsports.eu/collections/squashschlager/products/head-graphene-360-radical-120-slimbody-squash-racket,Head Graphene 360+ Radical 120 SB (2020)
https://dlsports.eu/collections/squashschlager/products/head-graphene-360-radical-135-squash-racket,Head Graphene 360+ Radical 135 (2020)
https://dlsports.eu/collections/squashschlager/products/wilson-pro-staff-cv-squash-racket-2020,Wilson Pro Staff CV (2020)
https://dlsports.eu/collections/squashschlager/products/wilson-pro-staff-ul-squash-racket-2020,Wilson Pro Staff UL (2020)
https://dlsports.eu/collections/squashschlager/products/wilson-blade-l-squash-racket-2020,Wilson Blade L (2020)
https://dlsports.eu/collections/squashschlager/products/wilson-blade-ul-squash-racket-2020,Wilson Blade UL (2020)
https://dlsports.eu/collections/squashschlager/products/graphene-360-speed-135-slimbody,Head Graphene 360 Speed 135 Slimbody (2019)
https://dlsports.eu/collections/squashschlager/products/graphene-360-speed-120-pink,Head Graphene 360 Speed 120 Pink (2019)
https://dlsports.eu/collections/squashschlager/products/graphene-touch-speed-135-slimbody-2017,Head Graphene Touch Speed 135 Slimbody  (2017)
https://dlsports.eu/collections/squashschlager/products/graphene-touch-speed-120-slimbody-2017,Head Graphene Touch Speed 120 Slimbody (2017)
https://dlsports.eu/collections/squashschlager/products/graphene-touch-speed-120-2017,Head Graphene Touch Speed 120 (2017)
https://dlsports.eu/collections/squashschlager/products/graphene-touch-radical-145-2018,Head Graphene Touch Radical 145 (2018)
https://dlsports.eu/collections/squashschlager/products/venom-tour-975,Prince Venom Tour 975
https://dlsports.eu/collections/squashschlager/products/tecnifibre-carboflex-135-airshaft-squash-racket-2021,Tecnifibre Carboflex 135 Airshaft (2021)
https://dlsports.eu/collections/squashschlager/products/tecnifibre-carboflex-130-airshaft-squash-racket-2021,Tecnifibre Carboflex 130 Airshaft (2021)
https://dlsports.eu/collections/squashschlager/products/tecnifibre-305-green-squash-string-200m-reel,Tecnifibre 305 // 200m Reel
https://dlsports.eu/collections/squashschlager/products/tecnifibre-team-icon-12r-racketbag-2021,Tecnifibre Team Icon 12R Racketbag (2021)
https://dlsports.eu/collections/squashschlager/products/dunlop-pro-squash-balls-12er-box,Dunlop Squash Balls 12er Box
https://dlsports.eu/collections/squashschlager/products/eagle-padel-women,Salming Eagle
https://dlsports.eu/collections/squashschlager/products/graphene-touch-radical-135-2018,Head Graphene Touch Radical 135 (2018)
https://dlsports.eu/collections/squashschlager/products/graphene-touch-radical-135-slimbody-2018,Head Graphene Touch Radical 135 Slimbody (2018)
https://dlsports.eu/collections/squashschlager/products/graphene-touch-radical-120-slimbody-2018,Head Graphene Touch Radical 120 Slimbody (2018)
https://dlsports.eu/collections/squashschlager/products/extreme-120-2019,Head Extreme 120 (2019)
https://dlsports.eu/collections/squashschlager/products/extreme-145-2019,Head Extreme 145 (2019)
https://dlsports.eu/collections/squashschlager/products/extreme-135,Head Extreme 135 (2019)
https://dlsports.eu/collections/squashschlager/products/graphene-360-speed-135,Head Graphene 360 Speed 135 (2019)
https://dlsports.eu/collections/squashschlager/products/graphene-360-speed-120,Head Graphene 360 Speed 120 (2019)
https://dlsports.eu/collections/squashschlager/products/graphene-360-speed-120-slimbody,Head Graphene 360 Speed 120 Slimbody (2019)
https://dlsports.eu/collections/squashschlager/products/karakal-sn-90-ff-squash-racket-2019,Karakal SN-90 FF (2019)
https://dlsports.eu/collections/squashschlager/products/karakal-t-120-ff-cameron-pilley-squash-racket-2019,Karakal T-120 FF (2019) // Cameron Pilley
https://dlsports.eu/collections/squashschlager/products/oliver-icq-110-ultra-squash-racket,Oliver ICQ 110 Ultra
https://dlsports.eu/collections/squashschlager/products/oliver-xt-909-lite-squash-racket,Oliver XT 909 Lite
https://dlsports.eu/collections/squashschlager/products/oliver-edge-4-te-squash-racket,Oliver EDGE 4-TE
https://dlsports.eu/collections/squashschlager/products/oliver-edge-6-ce-squash-racket,Oliver EDGE 6-CE
https://dlsports.eu/collections/squashschlager/products/dunlop-hyperfibre-xt-revelation-jnr-squash-racket,Dunlop Hyperfibre XT Revelation JNR
https://dlsports.eu/collections/squashschlager/products/dunlop-apex-infinity-4-0-squash-racket,Dunlop Apex Infinity 4.0
https://dlsports.eu/collections/squashschlager/products/dunlop-apex-supreme-4-0-squash-racket,Dunlop Apex Supreme 4.0
https://dlsports.eu/collections/squashschlager/products/dunlop-hyperfibre-xt-revelation-135-squash-racket,Dunlop Hyperfibre XT Revelation 135
https://dlsports.eu/collections/squashschlager/products/dunlop-hyperfibre-xt-revelation-pro-lite-squash-racket,Dunlop Hyperfibre XT Revelation Pro Lite
https://dlsports.eu/collections/squashschlager/products/venom-tour-975,Prince Venom Tour 975
https://dlsports.eu/collections/squashschlager/products/tecnifibre-carboflex-135-airshaft-squash-racket-2021,Tecnifibre Carboflex 135 Airshaft (2021)
https://dlsports.eu/collections/squashschlager/products/tecnifibre-carboflex-130-airshaft-squash-racket-2021,Tecnifibre Carboflex 130 Airshaft (2021)
https://dlsports.eu/collections/squashschlager/products/tecnifibre-305-green-squash-string-200m-reel,Tecnifibre 305 // 200m Reel
https://dlsports.eu/collections/squashschlager/products/tecnifibre-team-icon-12r-racketbag-2021,Tecnifibre Team Icon 12R Racketbag (2021)
https://dlsports.eu/collections/squashschlager/products/dunlop-pro-squash-balls-12er-box,Dunlop Squash Balls 12er Box
https://dlsports.eu/collections/squashschlager/products/eagle-padel-women,Salming Eagle
https://dlsports.eu/collections/squashschlager/products/dunlop-hyperfibre-xt-revelation-125-squash-racket,Dunlop Hyperfibre XT Revelation 125
https://dlsports.eu/collections/squashschlager/products/dunlop-hyperfibre-xt-revelation-pro-squash-racket,Dunlop Hyperfibre XT Revelation Pro
https://dlsports.eu/collections/squashschlager/products/prince-phoenix-pro-750-squash-racket,Prince Phoenix Pro 750
https://dlsports.eu/collections/squashschlager/products/prince-hyper-elite-500-squash-racket,Prince Hyper Elite 500
https://dlsports.eu/collections/squashschlager/products/prince-hyper-pro-550-squash-racket,Prince Hyper Pro 550
https://dlsports.eu/collections/squashschlager/products/prince-phoenix-elite-700-squash-racket,Prince Phoenix Elite 700
https://dlsports.eu/collections/squashschlager/products/prince-vortex-elite-600-squash-racket,Prince Vortex Elite 600
https://dlsports.eu/collections/squashschlager/products/prince-vortex-pro-650-squash-racket,Prince Vortex Pro 650
https://dlsports.eu/collections/squashschlager/products/prince-venom-elite-900-squash-racket,Prince Venom Elite 900
https://dlsports.eu/collections/squashschlager/products/prince-venom-pro-950-squash-racket,Prince Venom Pro 950
https://dlsports.eu/collections/squashschlager/products/airstick-lite-550,Prince Pro Airstick Lite 550
https://dlsports.eu/collections/squashschlager/products/wilson-ultra-l-squash-racket-2018-19,Wilson Ultra L (2018/19)
https://dlsports.eu/collections/squashschlager/products/wilson-ultra-cv-squash-racket-2018-19,Wilson Ultra CV (2018/19)
https://dlsports.eu/collections/squashschlager/products/wilson-ultra-triad-squash-racket-2018-19,Wilson Ultra Triad (2018/19)
https://dlsports.eu/collections/squashschlager/products/wilson-ultra-ul-squash-racket-2018-19,Wilson Ultra UL (2018/19)
https://dlsports.eu/collections/squashschlager/products/graphene-touch-speed-120-ladies-2017,Head Graphene Touch Speed 120 Ladies (2017)
https://dlsports.eu/collections/squashschlager/products/graphene-touch-speed-135-2017,Head Graphene Touch Speed 135 (2017)
https://dlsports.eu/collections/squashschlager/products/precision-ultimate-2018,Dunlop Precision Ultimate (2018)
https://dlsports.eu/collections/squashschlager/products/precision-elite-2018,Dunlop Precision Elite (2018)
https://dlsports.eu/collections/squashschlager/products/precision-pro-130-2018,Dunlop Precision Pro 130 (2018)
https://dlsports.eu/collections/squashschlager/products/venom-tour-975,Prince Venom Tour 975
https://dlsports.eu/collections/squashschlager/products/tecnifibre-carboflex-135-airshaft-squash-racket-2021,Tecnifibre Carboflex 135 Airshaft (2021)
https://dlsports.eu/collections/squashschlager/products/tecnifibre-carboflex-130-airshaft-squash-racket-2021,Tecnifibre Carboflex 130 Airshaft (2021)
https://dlsports.eu/collections/squashschlager/products/tecnifibre-305-green-squash-string-200m-reel,Tecnifibre 305 // 200m Reel
https://dlsports.eu/collections/squashschlager/products/tecnifibre-team-icon-12r-racketbag-2021,Tecnifibre Team Icon 12R Racketbag (2021)
https://dlsports.eu/collections/squashschlager/products/dunlop-pro-squash-balls-12er-box,Dunlop Squash Balls 12er Box
https://dlsports.eu/collections/squashschlager/products/eagle-padel-women,Salming Eagle
https://dlsports.eu/collections/squashschlager/products/hyperfibre-evolution-pro,Dunlop Hyperfibre+ Evolution Pro
https://dlsports.eu/collections/squashschlager/products/hyperfibre-evolution,Dunlop Hyperfibre+ Evolution
https://dlsports.eu/collections/squashschlager/products/hyperfibre-revelation-pro,Dunlop Hyperfibre+ Revelation Pro
https://dlsports.eu/collections/squashschlager/products/hyperfibre-revelation-135,Dunlop Hyperfibre+ Revelation 135
https://dlsports.eu/collections/squashschlager/products/suprem-125-curv,Tecnifibre Suprem 125 CurV
https://dlsports.eu/collections/squashschlager/products/suprem-130-curv,Tecnifibre Suprem 130 CurV
https://dlsports.eu/collections/squashschlager/products/dynergy-apx-120,Tecnifibre Dynergy APX 120
https://dlsports.eu/collections/squashschlager/products/dynergy-apx-130,Tecnifibre Dynergy APX 130
https://dlsports.eu/collections/squashschlager/products/dynergy-apx-135,Tecnifibre Dynergy APX 135
https://dlsports.eu/collections/squashschlager/products/carboflex-125-x-speed,Tecnifibre Carboflex 125 X-Speed
https://dlsports.eu/collections/squashschlager/products/carboflex-125-ns-x-speed,Tecnifibre Carboflex 125 NS X-Speed
https://dlsports.eu/collections/squashschlager/products/carboflex-130-x-speed,Tecnifibre Carboflex 130 X-Speed
https://dlsports.eu/collections/squashschlager/products/carboflex-135-x-speed,Tecnifibre Carboflex 135 X-Speed
https://dlsports.eu/collections/squashschlager/products/carboflex-125-heritage,Tecnifibre Carboflex 125 Heritage
https://dlsports.eu/collections/squashschlager/products/tecnifibre-carboflex-125-s,Tecnifibre Carboflex 125 S
https://dlsports.eu/collections/squashschlager/products/dynergy-117-flexarm,Tecnifibre Dynergy 117 Flexarm
https://dlsports.eu/collections/squashschlager/products/apex-300,Oliver Apex 300
https://dlsports.eu/collections/squashschlager/products/apex-500,Oliver Apex 500
https://dlsports.eu/collections/squashschlager/products/apex-700,Oliver Apex 700
https://dlsports.eu/collections/squashschlager/products/apex-550,Oliver Apex 550
https://dlsports.eu/collections/squashschlager/products/venom-tour-975,Prince Venom Tour 975
https://dlsports.eu/collections/squashschlager/products/tecnifibre-carboflex-135-airshaft-squash-racket-2021,Tecnifibre Carboflex 135 Airshaft (2021)
https://dlsports.eu/collections/squashschlager/products/tecnifibre-carboflex-130-airshaft-squash-racket-2021,Tecnifibre Carboflex 130 Airshaft (2021)
https://dlsports.eu/collections/squashschlager/products/tecnifibre-305-green-squash-string-200m-reel,Tecnifibre 305 // 200m Reel
https://dlsports.eu/collections/squashschlager/products/tecnifibre-team-icon-12r-racketbag-2021,Tecnifibre Team Icon 12R Racketbag (2021)
https://dlsports.eu/collections/squashschlager/products/dunlop-pro-squash-balls-12er-box,Dunlop Squash Balls 12er Box
https://dlsports.eu/collections/squashschlager/products/eagle-padel-women,Salming Eagle
https://dlsports.eu/collections/squashschlager/products/apex-900,Oliver Apex 900
https://dlsports.eu/collections/squashschlager/products/carboflex-130s,Tecnifibre Carboflex 130 S
https://dlsports.eu/collections/squashschlager/products/carboflex-135-s,Tecnifibre Carboflex 135 S
https://dlsports.eu/collections/squashschlager/products/force-evolution-120,Dunlop Force Evolution 120
https://dlsports.eu/collections/squashschlager/products/precision-pro-140,Dunlop Precision Pro 140
https://dlsports.eu/collections/squashschlager/products/fuchsia,Oliver FUCHSIA
https://dlsports.eu/collections/squashschlager/products/orc-a,Oliver ORC-A
https://dlsports.eu/collections/squashschlager/products/x-light-9-1,Oliver X-Light 9.1
https://dlsports.eu/collections/squashschlager/products/edge-2-pe,Oliver EDGE 2-PE
https://dlsports.eu/collections/squashschlager/products/pure-4,Oliver PURE 4
https://dlsports.eu/collections/squashschlager/products/pure-5,Oliver PURE 5
https://dlsports.eu/collections/squashschlager/products/orc-a-supralight,Oliver ORC-A Supralight
https://dlsports.eu/collections/squashschlager/products/supralight-silver,Oliver SUPRALIGHT Silver
https://dlsports.eu/collections/squashschlager/products/pro-staff-l-2020,Wilson Pro Staff L (2020)
https://dlsports.eu/collections/squashschlager/products/blade-cm-2020,Wilson Blade CM (2020)
https://dlsports.eu/collections/squashschlager/products/pro-staff-countervail-2017,Wilson Pro Staff Countervail (2017)
https://dlsports.eu/collections/squashschlager/products/pro-staff-ul,Wilson Pro Staff UL (2017)
https://dlsports.eu/collections/squashschlager/products/blade-cv,Wilson Blade CV
https://dlsports.eu/collections/squashschlager/products/blade-ul,Wilson Blade UL (2017)
https://dlsports.eu/collections/squashschlager/products/hyperhammer-120-blue,Wilson Hyper Hammer 120 PH (Blue)
https://dlsports.eu/collections/squashschlager/products/venom-tour-975,Prince Venom Tour 975
https://dlsports.eu/collections/squashschlager/products/tecnifibre-carboflex-135-airshaft-squash-racket-2021,Tecnifibre Carboflex 135 Airshaft (2021)
https://dlsports.eu/collections/squashschlager/products/tecnifibre-carboflex-130-airshaft-squash-racket-2021,Tecnifibre Carboflex 130 Airshaft (2021)
https://dlsports.eu/collections/squashschlager/products/tecnifibre-305-green-squash-string-200m-reel,Tecnifibre 305 // 200m Reel
https://dlsports.eu/collections/squashschlager/products/tecnifibre-team-icon-12r-racketbag-2021,Tecnifibre Team Icon 12R Racketbag (2021)
https://dlsports.eu/collections/squashschlager/products/dunlop-pro-squash-balls-12er-box,Dunlop Squash Balls 12er Box
https://dlsports.eu/collections/squashschlager/products/eagle-padel-women,Salming Eagle
https://dlsports.eu/collections/squashschlager/products/hyperhammer-120-black,Wilson Hyper Hammer 120 PH (Black)
https://dlsports.eu/collections/squashschlager/products/ncode-120,Wilson nCode 120
https://dlsports.eu/collections/squashschlager/products/tour-138-blx,Wilson Tour 138 BLX
https://dlsports.eu/collections/squashschlager/products/x-125-ff,Karakal X-125 FF
https://dlsports.eu/collections/squashschlager/products/tec-pro-elite-ff,Karakal Tec Pro Elite FF
https://dlsports.eu/collections/squashschlager/products/s-100-ff,Karakal S 100 FF
https://dlsports.eu/collections/squashschlager/products/f-135-ff,Karakal F 135 FF
https://dlsports.eu/collections/squashschlager/products/s-pro-elite-ff,Karakal S Pro Elite FF
https://dlsports.eu/collections/squashschlager/products/cyano-145,Head Cyano 145
https://dlsports.eu/collections/squashschlager/products/apex-synergy-2-0,Dunlop Apex Synergy 2.0
https://dlsports.eu/collections/squashschlager/products/biomimetic-ultimate,Dunlop Precision Ultimate (2016)
https://dlsports.eu/collections/squashschlager/products/dynergy-ap-130,Tecnifibre Dynergy AP 130
https://dlsports.eu/collections/squashschlager/products/i110,Head i110
https://dlsports.eu/collections/squashschlager/products/biomimetic-ultimate-1,Dunlop Biomimetic Ultimate
https://dlsports.eu/collections/squashschlager/products/sonic-core-ultimate-132-2020,Dunlop Sonic Core Ultimate 132 (2020)
https://dlsports.eu/collections/squashschlager/products/sonic-core-elite-135-2020,Dunlop Sonic Core Elite 135 (2020)
https://dlsports.eu/collections/squashschlager/products/sonic-core-pro-130-2020,Dunlop Sonic Core Pro 130 (2020)
https://dlsports.eu/collections/squashschlager/products/sonic-core-evolution-120-2020,Dunlop Sonic Core Evolution 120 (2020)
https://dlsports.eu/collections/squashschlager/products/sonic-core-evolution-130-2020,Dunlop Sonic Core Evolution 130 (2020)
https://dlsports.eu/collections/squashschlager/products/apex-supreme-5-0-2020,Dunlop Apex Supreme 5.0 (2020)
https://dlsports.eu/collections/squashschlager/products/venom-tour-975,Prince Venom Tour 975
https://dlsports.eu/collections/squashschlager/products/tecnifibre-carboflex-135-airshaft-squash-racket-2021,Tecnifibre Carboflex 135 Airshaft (2021)
https://dlsports.eu/collections/squashschlager/products/tecnifibre-carboflex-130-airshaft-squash-racket-2021,Tecnifibre Carboflex 130 Airshaft (2021)
https://dlsports.eu/collections/squashschlager/products/tecnifibre-305-green-squash-string-200m-reel,Tecnifibre 305 // 200m Reel
https://dlsports.eu/collections/squashschlager/products/tecnifibre-team-icon-12r-racketbag-2021,Tecnifibre Team Icon 12R Racketbag (2021)
https://dlsports.eu/collections/squashschlager/products/dunlop-pro-squash-balls-12er-box,Dunlop Squash Balls 12er Box
https://dlsports.eu/collections/squashschlager/products/eagle-padel-women,Salming Eagle
https://dlsports.eu/collections/squashschlager/products/apex-infinity-5-0-2020,Dunlop Apex Infinity 5.0 (2020)
